TouristID,Country,Month_To_Japan,Age,SightSeeing_Nature,SightSeeing_City,Shopping_quality,Shopping_resale,Emigration
TW10068,Taiwan,1,48,3,5,1,1,1
HK40048,HongKong,1,25,3,4,4,1,1
TH30012,Thailand,1,46,3,4,4,1,1
CH40089,China,1,50,4,3,2,1,1
HK60047,HongKong,1,41,3,3,2,4,1
AM70003,America,1,54,3,3,2,3,1
KR40039,Korea,1,55,3,5,1,1,1
HK10046,HongKong,1,51,3,2,4,1,1
CH40084,China,1,47,2,2,2,4,1
HK40054,HongKong,1,49,3,3,4,1,1
ML90015,Malaysia,1,46,4,4,1,1,1
HK70055,HongKong,1,52,3,5,1,1,1
HK20052,HongKong,1,50,1,1,2,5,1
TH70013,Thailand,1,56,4,4,1,1,1
TW50061,Taiwan,1,50,4,3,2,4,1
KR40027,Korea,1,52,3,5,1,1,1
TW50074,Taiwan,1,51,4,3,3,4,1
CH60082,China,1,51,3,2,3,1,1
KR20022,Korea,1,49,4,4,1,1,1
TH80011,Thailand,1,44,4,3,4,1,1
TW00066,Taiwan,1,48,3,2,2,4,1
HK00056,HongKong,1,40,4,3,1,1,1
TH30009,Thailand,1,47,4,3,4,1,1
ML70018,Malaysia,1,48,3,2,4,1,1
KR60038,Korea,1,52,4,3,2,4,1
KR60037,Korea,1,40,5,3,1,1,1
CH70087,China,1,49,4,4,1,1,1
TW40076,Taiwan,1,44,4,3,2,4,1
KR10024,Korea,1,52,3,2,2,4,1
TW00072,Taiwan,1,47,2,2,2,4,1
TW20060,Taiwan,1,47,4,3,1,1,1
KR00021,Korea,1,51,4,4,1,1,1
CH90083,China,1,49,3,3,2,4,1
CH20079,China,1,56,4,3,1,1,1
KR90028,Korea,1,49,4,4,1,1,1
KR30031,Korea,1,57,3,5,1,1,1
TH30008,Thailand,1,41,3,5,2,1,1
TW40063,Taiwan,1,56,3,2,2,3,1
KR90033,Korea,1,54,4,4,1,1,1
KR80043,Korea,1,49,3,3,2,4,1
CH00080,China,1,43,3,5,1,1,1
KR90044,Korea,1,52,4,4,1,1,1
TW60077,Taiwan,1,49,3,2,2,4,1
ML20017,Malaysia,1,47,3,4,4,1,1
HK80053,HongKong,1,48,2,4,2,3,1
TW30058,Taiwan,1,47,3,2,4,2,1
TW20069,Taiwan,1,53,5,3,1,1,1
AM70001,America,1,53,4,4,1,1,2
CH10086,China,1,47,4,2,3,4,1
CH60088,China,1,49,3,3,2,3,1
SP20004,Singapore,1,49,4,4,1,1,1
KR00045,Korea,1,55,4,3,1,1,1
KR00030,Korea,1,49,3,5,1,1,1
KR40042,Korea,1,32,3,5,1,1,1
CH50081,China,1,48,3,3,2,4,1
HK60049,HongKong,1,48,4,2,2,4,1
TW80059,Taiwan,1,50,4,3,1,1,2
SP90005,Singapore,1,45,3,3,3,1,1
CH20090,China,1,55,1,1,2,5,1
TW60064,Taiwan,1,60,3,3,2,3,1
TW90067,Taiwan,1,51,4,3,3,1,1
KR10035,Korea,1,44,3,5,1,1,1
KR80026,Korea,1,49,4,3,2,1,1
KR60036,Korea,1,50,3,3,4,1,1
TH80010,Thailand,1,44,4,3,4,1,1
AM10002,America,1,45,3,3,4,1,1
KR20025,Korea,1,47,3,4,4,2,1
KR60029,Korea,1,59,3,3,4,1,1
TW70070,Taiwan,1,44,4,4,2,1,1
TW00073,Taiwan,1,48,3,3,2,3,1
ML00016,Malaysia,1,45,2,3,3,4,1
KR20032,Korea,1,50,3,5,1,1,1
CH20085,China,1,54,3,5,1,1,1
HK60050,HongKong,1,43,2,2,2,4,1
TW00071,Taiwan,1,49,4,3,1,1,1
SP20007,Singapore,1,57,3,3,2,4,1
KR30023,Korea,1,45,4,3,1,1,1
SP50006,Singapore,1,58,4,3,4,1,1
TW10062,Taiwan,1,44,3,3,2,4,1
TW50065,Taiwan,1,45,4,4,1,1,1
HK50051,HongKong,1,38,3,4,2,4,1
KR70041,Korea,1,34,3,3,2,3,1
ML20019,Malaysia,1,52,4,3,1,1,1
KR60034,Korea,1,51,3,5,1,1,1
TW90075,Taiwan,1,50,4,4,1,1,1
KR10040,Korea,1,39,4,4,1,1,1
CH50078,China,1,41,2,3,2,3,1
ML40014,Malaysia,1,45,4,4,1,1,1
KR30020,Korea,1,58,3,3,2,4,1
TW70057,Taiwan,1,49,2,3,2,4,1
TH20097,Thailand,2,51,3,3,2,4,1
CH40164,China,2,51,2,3,2,4,1
HK50135,HongKong,2,53,4,3,2,1,1
HK60132,HongKong,2,56,2,3,2,4,1
CH20173,China,2,51,3,4,2,4,1
TW80158,Taiwan,2,50,3,3,4,1,1
HK80133,HongKong,2,40,3,5,1,1,1
CH90165,China,2,52,4,3,2,4,1
SP80096,Singapore,2,47,3,3,2,3,1
TW30155,Taiwan,2,46,3,4,2,3,1
TW80150,Taiwan,2,56,2,3,2,3,1
KR70115,Korea,2,52,4,4,2,1,1
TW40153,Taiwan,2,48,3,5,1,1,1
CH60174,China,2,38,1,1,4,5,1
KR60119,Korea,2,44,4,4,1,2,1
CH30175,China,2,57,2,2,2,3,1
KR70125,Korea,2,39,3,3,2,4,1
KR80118,Korea,2,47,3,5,1,1,1
TW70156,Taiwan,2,56,4,4,2,4,1
ML30104,Malaysia,2,49,4,4,2,1,1
TW20141,Taiwan,2,49,3,5,1,1,1
KR20122,Korea,2,51,4,3,1,1,1
KR90117,Korea,2,41,4,3,1,1,1
SP40095,Singapore,2,60,3,2,2,4,1
KR90124,Korea,2,53,4,3,1,1,1
TH70100,Thailand,2,58,4,4,1,1,1
HK50129,HongKong,2,46,3,4,2,4,1
TW40149,Taiwan,2,55,4,3,1,1,1
TW90160,Taiwan,2,49,4,4,1,1,1
TW80147,Taiwan,2,47,3,5,1,1,1
KR50121,Korea,2,50,4,3,1,1,1
KR40113,Korea,2,54,3,3,4,1,1
KR20114,Korea,2,50,4,4,1,1,1
CH20168,China,2,49,1,1,3,5,1
KR70126,Korea,2,45,4,4,1,1,1
KR30116,Korea,2,48,4,3,1,1,1
CH40169,China,2,48,3,5,1,1,1
CH70166,China,2,53,3,3,2,4,1
TW80151,Taiwan,2,53,4,3,2,3,1
KR50106,Korea,2,54,4,4,1,1,1
TW10148,Taiwan,2,40,3,2,3,1,1
HK20134,HongKong,2,39,3,5,1,1,1
TW50143,Taiwan,2,52,2,3,2,4,1
TW30157,Taiwan,2,57,4,4,1,1,1
TW80161,Taiwan,2,37,3,3,2,3,1
TW20152,Taiwan,2,43,3,5,1,1,1
TH10098,Thailand,2,48,4,3,1,1,1
KR20108,Korea,2,55,4,4,1,1,1
AM60093,America,2,50,4,3,1,1,1
HK70128,HongKong,2,36,3,3,3,1,1
TW80144,Taiwan,2,47,1,1,4,5,2
KR00105,Korea,2,45,3,5,1,1,1
HK70138,HongKong,2,51,3,5,1,1,1
TH70101,Thailand,2,33,4,3,1,1,1
TW70142,Taiwan,2,42,4,3,3,4,1
KR80112,Korea,2,39,4,4,2,1,1
AM60091,America,2,49,4,3,1,1,1
CH90171,China,2,54,1,1,3,5,1
TW60154,Taiwan,2,49,4,4,1,1,1
KR00120,Korea,2,55,4,3,1,1,1
ML20102,Malaysia,2,53,2,3,3,1,1
HK00136,HongKong,2,60,3,5,1,1,1
HK90137,HongKong,2,55,3,5,1,1,1
CH70163,China,2,52,3,4,2,3,1
CH20172,China,2,57,4,3,4,1,1
HK10139,HongKong,2,34,4,3,1,1,1
CH70170,China,2,50,4,4,1,1,1
AM40092,America,2,49,4,4,1,1,1
KR90107,Korea,2,56,2,3,3,1,2
TW10140,Taiwan,2,56,3,3,2,4,1
KR80109,Korea,2,47,4,4,1,1,2
CH70167,China,2,45,2,4,4,1,1
HK70131,HongKong,2,44,4,4,1,1,1
TW90146,Taiwan,2,51,3,5,1,1,1
TW20145,Taiwan,2,50,3,3,2,4,1
CH90162,China,2,44,4,3,3,4,1
AM80094,America,2,49,3,5,1,1,2
TH00099,Thailand,2,26,4,4,1,1,1
HK50127,HongKong,2,60,4,3,2,4,1
TW00159,Taiwan,2,53,4,4,1,1,1
KR90123,Korea,2,43,5,3,1,1,1
HK20130,HongKong,2,55,3,3,2,3,1
ML90103,Malaysia,2,50,3,5,1,1,1
KR70111,Korea,2,55,3,3,4,1,1
KR10110,Korea,2,51,4,4,1,1,1
KR40207,Korea,3,59,4,4,1,1,1
CH20263,China,3,49,4,3,2,1,1
KR50203,Korea,3,52,4,3,1,1,1
ML70192,Malaysia,3,60,3,2,4,1,1
HK00223,HongKong,3,32,3,4,3,4,1
CH60251,China,3,46,4,4,1,1,1
ML10191,Malaysia,3,40,4,3,4,1,1
CH60247,China,3,54,3,3,2,4,1
TH00184,Thailand,3,49,3,3,4,1,1
TW10228,Taiwan,3,54,1,1,3,5,1
ML60193,Malaysia,3,52,3,5,1,1,2
TW20230,Taiwan,3,49,3,2,2,4,1
HK40225,HongKong,3,41,4,3,1,1,1
HK70214,HongKong,3,59,3,5,1,1,1
TW40232,Taiwan,3,60,2,3,2,4,1
TW00246,Taiwan,3,60,3,3,2,4,1
KR50197,Korea,3,52,3,5,1,1,1
KR50208,Korea,3,49,3,3,3,3,1
KR70210,Korea,3,50,4,4,1,1,1
TW70229,Taiwan,3,55,4,3,2,4,1
CH40266,China,3,56,4,3,1,1,1
TW70244,Taiwan,3,51,4,3,2,3,1
TH20189,Thailand,3,41,4,3,1,1,1
KR20196,Korea,3,48,4,3,1,1,1
HK80227,HongKong,3,55,4,3,1,1,1
CH70253,China,3,59,2,3,2,3,1
TW50234,Taiwan,3,55,3,3,2,4,1
HK10220,HongKong,3,59,3,3,2,4,1
CH30262,China,3,47,4,3,1,1,1
KR30206,Korea,3,47,4,4,1,1,1
CH40258,China,3,36,3,3,2,4,1
CH90265,China,3,51,2,4,4,2,1
CH90255,China,3,55,1,1,4,5,1
HK40215,HongKong,3,52,4,3,1,1,1
CH10261,China,3,39,3,4,4,1,1
CH60257,China,3,53,4,3,2,4,1
SP80182,Singapore,3,43,2,2,2,4,1
SP70181,Singapore,3,56,4,4,1,1,1
TW50236,Taiwan,3,52,1,1,4,4,1
TH90186,Thailand,3,52,4,2,3,2,1
SP50180,Singapore,3,48,3,2,4,1,1
KR30213,Korea,3,57,3,5,1,1,1
HK10217,HongKong,3,41,4,3,1,1,1
TW70245,Taiwan,3,51,4,2,3,4,1
TW20231,Taiwan,3,42,3,3,4,1,1
TH40187,Thailand,3,42,3,2,4,1,1
KR80202,Korea,3,57,4,4,1,1,1
CH20260,China,3,53,3,3,2,4,1
HK10219,HongKong,3,56,4,4,1,1,1
TW30240,Taiwan,3,37,4,4,1,1,1
KR00195,Korea,3,40,4,3,1,1,1
TH70183,Thailand,3,48,4,3,1,1,1
KR50199,Korea,3,49,3,3,2,4,1
KR60200,Korea,3,46,4,4,1,1,1
HK00226,HongKong,3,47,3,3,2,4,1
TW70233,Taiwan,3,36,3,3,2,3,1
AM10177,America,3,49,4,4,2,1,1
AM10176,America,3,44,3,3,4,1,1
TH70188,Thailand,3,46,3,2,4,1,1
CH70252,China,3,42,3,3,3,3,1
SP50179,Singapore,3,48,4,3,1,1,1
TW70242,Taiwan,3,48,2,3,2,4,1
CH00259,China,3,45,3,4,3,4,1
CH60249,China,3,39,1,2,3,5,1
KR40209,Korea,3,48,4,4,1,1,1
TW50239,Taiwan,3,53,3,5,1,1,1
CH40254,China,3,39,4,4,1,1,1
TW00243,Taiwan,3,53,3,3,2,4,1
CH20264,China,3,40,4,3,1,1,1
TW90238,Taiwan,3,60,1,1,3,5,1
KR40212,Korea,3,39,4,4,1,1,1
HK60216,HongKong,3,49,3,3,4,1,1
TW00241,Taiwan,3,31,4,4,1,1,1
KR80194,Korea,3,44,4,4,1,1,1
TW90237,Taiwan,3,48,3,3,2,4,1
AM30178,America,3,51,4,3,3,1,1
CH70250,China,3,36,1,1,3,5,1
KR10211,Korea,3,52,4,4,1,1,1
CH00248,China,3,59,1,1,3,5,1
CH70256,China,3,56,4,4,1,1,1
HK30224,HongKong,3,39,4,3,2,4,1
TH60185,Thailand,3,45,3,3,3,1,1
KR80201,Korea,3,31,3,3,3,1,1
HK80218,HongKong,3,51,4,3,3,1,1
KR70204,Korea,3,45,3,3,2,4,1
TW60235,Taiwan,3,52,3,2,2,3,1
TH20190,Thailand,3,51,3,3,3,1,1
HK10221,HongKong,3,53,4,4,4,1,1
KR30205,Korea,3,49,4,4,1,1,2
KR30198,Korea,3,56,4,3,1,1,1
HK70222,HongKong,3,42,4,4,1,1,1
CH70346,China,4,58,2,2,4,4,1
TH70280,Thailand,4,49,4,3,1,1,1
TH20282,Thailand,4,57,4,4,1,1,1
KR20291,Korea,4,44,4,4,1,1,1
CH20333,China,4,33,4,4,1,1,1
KR30298,Korea,4,44,4,3,1,1,1
CH10339,China,4,57,3,3,2,4,1
TW90321,Taiwan,4,44,3,5,1,1,1
TW00328,Taiwan,4,56,3,5,1,1,1
TH60277,Thailand,4,36,3,3,4,1,1
TH00281,Thailand,4,41,4,3,1,1,1
SP40276,Singapore,4,57,4,3,1,1,1
AM00272,America,4,43,3,3,2,4,1
SP00274,Singapore,4,52,3,3,4,1,1
KR20295,Korea,4,46,4,4,1,1,1
HK80307,HongKong,4,47,1,1,3,5,1
CH80354,China,4,39,4,4,1,1,1
ML90286,Malaysia,4,35,1,2,2,5,1
AM60267,America,4,57,4,4,1,1,1
TW00317,Taiwan,4,52,3,3,2,4,1
TW80320,Taiwan,4,54,5,3,2,1,1
HK30314,HongKong,4,55,4,3,2,3,1
CH10355,China,4,48,3,3,2,4,1
KR30301,Korea,4,40,4,3,1,1,1
HK20309,HongKong,4,53,3,4,2,3,1
TW90322,Taiwan,4,53,2,1,2,4,1
TW50319,Taiwan,4,59,3,3,2,4,2
KR40300,Korea,4,57,3,5,2,1,1
TW70330,Taiwan,4,46,4,3,2,1,1
CH40334,China,4,45,1,1,4,5,1
CH20338,China,4,53,3,3,4,1,1
TW60329,Taiwan,4,52,1,1,4,5,1
KR90303,Korea,4,34,4,3,1,1,1
SP20275,Singapore,4,53,4,3,3,1,1
TW20331,Taiwan,4,49,4,4,1,1,1
TH90284,Thailand,4,48,3,5,1,1,1
HK90311,HongKong,4,36,4,3,4,1,1
TW40327,Taiwan,4,44,3,3,2,4,1
CH90341,China,4,55,3,3,4,1,1
HK90315,HongKong,4,52,4,3,1,1,1
TW80325,Taiwan,4,55,3,3,2,3,1
CH30345,China,4,59,3,5,1,1,1
KR70297,Korea,4,44,3,5,1,1,1
TW20324,Taiwan,4,29,3,2,4,1,1
KR80302,Korea,4,46,3,3,2,4,2
TH70279,Thailand,4,46,4,3,2,4,2
CH60340,China,4,59,2,3,2,4,1
TW30323,Taiwan,4,46,2,3,4,1,1
KR50304,Korea,4,48,3,3,2,4,1
TH70278,Thailand,4,54,3,5,1,1,1
CH10352,China,4,55,4,3,2,1,1
TW50318,Taiwan,4,45,3,3,2,3,1
KR30288,Korea,4,40,3,5,1,1,1
KR30293,Korea,4,43,4,3,1,1,1
HK90313,HongKong,4,56,3,5,1,1,1
CH60332,China,4,43,3,2,2,4,1
CH80350,China,4,48,3,5,1,1,1
AM10270,America,4,49,4,4,2,1,1
AM90269,America,4,41,3,5,1,1,1
CH20336,China,4,43,3,3,4,1,2
AM30268,America,4,55,4,3,2,3,1
CH50343,China,4,46,1,1,3,5,1
HK70316,HongKong,4,51,3,3,3,3,1
HK80308,HongKong,4,35,4,3,1,1,2
CH00344,China,4,53,3,2,3,4,1
CH70335,China,4,44,3,3,2,4,1
TH40283,Thailand,4,47,5,3,1,1,1
ML60285,Malaysia,4,53,4,3,1,1,1
KR50290,Korea,4,57,4,3,1,1,1
CH30337,China,4,44,4,4,1,1,2
KR10292,Korea,4,49,4,4,1,1,1
KR70287,Korea,4,54,3,3,2,4,1
CH80349,China,4,47,2,3,2,4,1
KR00294,Korea,4,49,3,3,2,4,1
AM10271,America,4,46,3,5,1,1,1
KR80299,Korea,4,53,4,3,1,1,1
HK40306,HongKong,4,53,3,3,2,4,1
HK90310,HongKong,4,43,2,3,3,1,1
SP40273,Singapore,4,53,5,3,1,1,1
TW30326,Taiwan,4,52,3,3,2,3,1
CH00353,China,4,48,1,1,4,5,1
HK00312,HongKong,4,57,3,5,1,1,1
KR90296,Korea,4,48,3,5,1,2,1
CH30347,China,4,55,3,5,1,1,1
CH90348,China,4,34,4,3,1,1,1
CH50342,China,4,57,3,3,3,4,2
CH10351,China,4,36,3,5,1,1,1
KR50289,Korea,4,43,3,3,2,4,1
CH40356,China,4,44,4,3,1,1,1
HK60305,HongKong,4,50,3,5,1,1,1
CH30458,China,5,55,4,2,4,1,1
KR30381,Korea,5,47,3,3,4,1,1
HK20412,HongKong,5,50,4,4,1,1,1
KR40375,Korea,5,45,4,4,1,1,1
CH10452,China,5,50,3,5,1,1,1
HK10407,HongKong,5,51,3,3,4,1,1
CH70461,China,5,43,3,3,2,3,1
CH10459,China,5,47,2,3,2,3,1
CH60439,China,5,41,3,2,2,4,1
HK20405,HongKong,5,50,3,3,2,3,1
HK90410,HongKong,5,51,3,3,4,1,1
KR80386,Korea,5,55,3,5,1,1,1
CH30460,China,5,55,4,4,1,1,1
TW10420,Taiwan,5,46,1,1,2,5,1
HK90413,HongKong,5,49,4,3,1,1,1
TH10365,Thailand,5,35,2,2,4,1,1
KR70392,Korea,5,47,3,3,2,3,1
TW20432,Taiwan,5,46,3,3,2,4,1
KR10383,Korea,5,44,4,4,1,1,1
SP40361,Singapore,5,56,3,3,2,4,1
TH20366,Thailand,5,49,3,3,4,1,1
CH00456,China,5,54,3,3,3,4,1
TW90419,Taiwan,5,45,3,3,2,4,2
KR70376,Korea,5,38,4,4,2,1,1
SP30363,Singapore,5,44,3,3,4,1,1
TW60427,Taiwan,5,50,4,3,1,1,1
ML00371,Malaysia,5,58,4,4,1,1,1
ML70370,Malaysia,5,51,4,4,1,1,1
KR40395,Korea,5,41,4,4,1,1,2
KR10399,Korea,5,52,3,3,2,4,1
HK80401,HongKong,5,43,3,3,2,4,1
TW50421,Taiwan,5,57,4,3,1,1,1
TW70418,Taiwan,5,47,3,3,2,4,1
TH30368,Thailand,5,44,3,4,3,1,1
KR70398,Korea,5,47,3,5,1,1,1
TW20426,Taiwan,5,55,3,3,2,4,1
KR10400,Korea,5,56,4,3,1,1,1
ML90369,Malaysia,5,45,3,5,1,1,1
CH10453,China,5,39,3,3,3,1,1
TW90431,Taiwan,5,49,4,4,2,3,1
SP00360,Singapore,5,58,4,4,1,1,1
KR80390,Korea,5,59,4,4,1,1,1
TW60422,Taiwan,5,50,3,3,4,2,1
TW10429,Taiwan,5,55,4,3,1,2,1
TW70430,Taiwan,5,56,3,3,2,3,1
CH50448,China,5,45,3,3,2,4,1
CH10442,China,5,40,4,3,2,1,1
CH30444,China,5,31,2,4,2,3,1
AM30358,America,5,53,3,5,1,1,1
ML80373,Malaysia,5,54,4,4,1,1,1
TH90367,Thailand,5,42,4,3,1,1,1
KR30389,Korea,5,50,3,5,1,1,1
SP00362,Singapore,5,55,3,3,4,1,1
TW90435,Taiwan,5,36,4,4,2,1,1
CH70454,China,5,40,4,3,1,1,1
CH70446,China,5,41,3,5,1,1,1
CH80450,China,5,33,4,3,1,1,1
KR10379,Korea,5,51,3,5,1,1,1
CH80440,China,5,53,3,3,4,2,1
HK00408,HongKong,5,57,4,3,2,1,1
HK10411,HongKong,5,52,3,3,2,4,1
KR20397,Korea,5,48,4,4,1,1,1
SP50364,Singapore,5,55,3,3,2,3,1
TW50416,Taiwan,5,50,4,4,2,4,1
HK00402,HongKong,5,56,3,3,2,4,1
KR10388,Korea,5,54,4,3,1,1,1
KR30377,Korea,5,50,5,3,1,1,1
TW00425,Taiwan,5,29,1,2,3,5,1
CH80463,China,5,32,3,3,3,3,1
CH10438,China,5,47,4,3,2,1,1
TW30434,Taiwan,5,48,4,4,1,1,1
HK70414,HongKong,5,57,4,4,1,2,1
TW30437,Taiwan,5,49,3,3,4,1,1
KR30393,Korea,5,48,4,3,1,1,1
CH90462,China,5,55,3,3,2,4,1
TW10433,Taiwan,5,50,3,3,2,4,1
HK10406,HongKong,5,48,3,3,2,3,1
CH60449,China,5,57,3,3,4,2,1
ML20374,Malaysia,5,48,4,3,1,2,1
TW60423,Taiwan,5,40,2,2,2,4,1
CH70443,China,5,50,5,3,1,1,1
CH40457,China,5,59,4,4,1,1,1
AM30357,America,5,52,4,3,1,1,1
CH90445,China,5,54,4,3,1,1,1
CH10455,China,5,55,2,1,3,5,1
TW30417,Taiwan,5,58,3,5,1,1,1
AM20359,America,5,55,3,2,4,2,1
KR30387,Korea,5,45,3,3,2,3,1
KR50378,Korea,5,51,4,4,1,1,1
HK40403,HongKong,5,39,4,3,1,1,1
TW70424,Taiwan,5,47,1,1,2,5,1
KR70380,Korea,5,47,3,3,3,1,1
TW30436,Taiwan,5,46,3,3,2,4,1
CH40441,China,5,55,4,3,2,4,1
ML00372,Malaysia,5,45,3,3,2,4,1
KR90394,Korea,5,46,3,2,4,1,1
HK50404,HongKong,5,53,4,3,1,1,1
KR10382,Korea,5,47,3,5,1,1,1
KR30391,Korea,5,38,4,4,1,1,1
KR30396,Korea,5,43,5,3,1,1,1
CH10447,China,5,57,4,4,1,1,1
KR10384,Korea,5,47,4,4,1,1,1
TW20428,Taiwan,5,47,3,3,2,4,1
CH20451,China,5,54,3,3,2,3,1
HK90409,HongKong,5,49,4,3,2,4,1
HK20415,HongKong,5,50,3,3,2,4,1
KR20385,Korea,5,46,4,4,2,1,1
TH20475,Thailand,6,59,4,3,3,1,1
KR20512,Korea,6,59,4,3,4,1,1
KR40519,Korea,6,57,4,4,1,1,1
CH10553,China,6,46,1,1,4,5,1
ML40490,Malaysia,6,48,2,2,2,4,1
CH70552,China,6,42,1,2,3,4,1
SP30472,Singapore,6,40,4,3,3,1,1
TH10474,Thailand,6,37,3,3,4,1,1
KR90504,Korea,6,44,4,4,1,1,1
TW10537,Taiwan,6,60,2,3,2,4,1
SP20469,Singapore,6,57,2,3,3,1,1
TW20543,Taiwan,6,25,4,4,1,1,1
ML80491,Malaysia,6,46,4,3,3,1,1
KR20500,Korea,6,46,4,3,1,1,1
TW00548,Taiwan,6,51,3,3,2,4,1
SP60468,Singapore,6,45,4,4,2,1,1
TW50538,Taiwan,6,57,4,3,1,1,1
TH20485,Thailand,6,57,4,4,1,1,1
CH30557,China,6,49,4,4,1,1,1
TH20476,Thailand,6,51,3,5,1,1,1
SP10470,Singapore,6,55,3,4,3,1,1
CH10551,China,6,46,4,3,2,4,1
CH40560,China,6,51,3,3,3,3,1
TW00542,Taiwan,6,48,3,3,2,4,1
TH50479,Thailand,6,55,3,3,2,4,1
KR30517,Korea,6,45,4,4,1,1,1
KR70495,Korea,6,51,3,5,1,1,1
KR30511,Korea,6,51,4,3,1,1,1
TH10480,Thailand,6,50,3,3,4,1,1
TW70539,Taiwan,6,49,2,3,2,4,1
ML10487,Malaysia,6,51,5,3,1,1,1
HK30524,HongKong,6,44,3,5,2,1,1
TW10533,Taiwan,6,49,2,4,3,4,1
AM60464,America,6,50,4,3,2,1,1
KR00503,Korea,6,48,4,4,1,1,1
KR10513,Korea,6,43,3,3,2,4,1
KR00499,Korea,6,54,4,4,1,1,2
HK60528,HongKong,6,43,3,3,4,1,1
HK70523,HongKong,6,60,4,3,3,1,1
CH70559,China,6,53,2,1,2,5,2
CH60563,China,6,53,3,5,1,1,1
HK70522,HongKong,6,60,2,3,4,2,1
TH50484,Thailand,6,43,4,4,1,1,1
TW70544,Taiwan,6,53,3,3,2,4,1
TH50483,Thailand,6,59,4,4,1,1,1
TW20540,Taiwan,6,49,4,3,4,1,1
TH50486,Thailand,6,44,3,3,3,1,2
KR10515,Korea,6,57,3,5,1,1,1
SP30471,Singapore,6,46,4,4,1,1,1
TH60477,Thailand,6,51,4,3,1,1,1
KR90508,Korea,6,43,3,3,4,1,1
KR10520,Korea,6,59,3,2,4,1,1
HK80526,HongKong,6,48,1,2,2,5,1
ML90489,Malaysia,6,48,3,5,1,1,1
ML00493,Malaysia,6,51,4,4,1,1,1
KR20505,Korea,6,56,3,5,1,1,1
TW10532,Taiwan,6,45,3,2,2,4,1
KR30514,Korea,6,44,4,4,1,1,1
CH80554,China,6,37,4,4,1,1,1
TW70536,Taiwan,6,39,4,2,2,3,1
ML00492,Malaysia,6,50,3,5,2,1,1
KR10502,Korea,6,44,4,4,1,1,1
TW10541,Taiwan,6,52,4,4,1,1,1
HK60521,HongKong,6,50,4,4,1,1,1
CH20556,China,6,44,3,5,1,1,1
AM50465,America,6,42,2,3,2,3,1
CH00561,China,6,51,3,2,2,4,1
CH30564,China,6,36,3,2,2,3,1
HK10530,HongKong,6,47,4,4,4,1,1
TW90549,Taiwan,6,45,4,3,3,3,1
HK40527,HongKong,6,42,4,3,1,1,2
KR80494,Korea,6,45,4,4,1,1,1
AM20467,America,6,56,4,3,1,1,1
TW50547,Taiwan,6,57,3,5,2,1,1
KR50506,Korea,6,47,5,3,1,1,1
CH00555,China,6,42,4,3,1,1,1
KR40516,Korea,6,59,4,4,1,1,1
TH50482,Thailand,6,48,4,3,1,1,1
KR80498,Korea,6,58,3,5,1,1,1
HK70529,HongKong,6,53,2,3,3,3,1
SP10473,Singapore,6,54,3,5,1,1,2
TH90478,Thailand,6,55,4,3,1,1,1
TH10481,Thailand,6,50,3,4,4,1,1
TW70534,Taiwan,6,50,2,3,2,4,1
KR70507,Korea,6,51,3,5,1,1,1
KR50518,Korea,6,50,4,4,1,1,1
TW80546,Taiwan,6,53,4,4,1,1,1
AM10466,America,6,47,3,4,4,1,1
CH00558,China,6,54,4,4,1,1,1
KR30496,Korea,6,58,4,3,2,1,1
ML20488,Malaysia,6,55,4,3,1,1,1
KR50509,Korea,6,56,4,4,1,1,1
CH10550,China,6,52,3,3,4,1,1
TW80531,Taiwan,6,43,4,4,2,1,1
KR80510,Korea,6,49,4,4,1,1,1
TW20535,Taiwan,6,45,1,1,3,5,1
KR70497,Korea,6,46,4,3,1,1,1
CH50562,China,6,47,4,3,1,1,1
HK90525,HongKong,6,60,3,3,2,4,1
KR60501,Korea,6,52,3,3,4,2,2
TW80545,Taiwan,6,51,4,3,2,4,1
TW10641,Taiwan,7,51,3,4,2,3,1
KR10596,Korea,7,52,3,3,2,4,1
CH90670,China,7,44,1,1,3,4,1
CH20676,China,7,43,4,4,1,1,1
CH20692,China,7,50,1,1,4,4,1
HK80640,HongKong,7,55,4,3,1,1,1
CH80678,China,7,44,4,4,1,1,1
KR00625,Korea,7,50,3,5,1,1,2
KR90611,Korea,7,50,4,4,1,1,2
KR90590,Korea,7,54,4,4,1,1,1
TW80664,Taiwan,7,46,3,3,3,4,1
HK20636,HongKong,7,49,3,3,4,1,1
TW10654,Taiwan,7,48,1,1,4,5,1
CH20682,China,7,57,4,3,1,1,1
HK40630,HongKong,7,36,2,2,2,4,1
HK50635,HongKong,7,40,3,3,4,1,1
KR10587,Korea,7,44,4,3,1,1,1
CH30669,China,7,49,3,5,1,1,1
TW50648,Taiwan,7,50,2,2,3,4,1
KR50598,Korea,7,54,4,4,1,1,1
KR40609,Korea,7,58,5,3,1,1,1
TW20650,Taiwan,7,55,4,4,1,1,1
TH50578,Thailand,7,47,3,2,3,1,1
AM00567,America,7,56,3,2,4,1,1
CH90688,China,7,58,4,3,2,3,1
TW10653,Taiwan,7,47,3,3,4,1,1
AM50565,America,7,35,4,4,2,1,1
TH30579,Thailand,7,54,3,3,2,4,1
HK50629,HongKong,7,57,3,5,2,1,1
KR40585,Korea,7,38,3,5,1,1,1
KR40620,Korea,7,47,3,5,1,1,1
CH90684,China,7,52,4,4,1,1,1
KR30618,Korea,7,54,4,3,1,1,1
TW70642,Taiwan,7,54,2,2,2,3,1
TH00581,Thailand,7,55,4,4,1,2,1
CH00668,China,7,43,3,3,3,4,1
SP20571,Singapore,7,55,3,3,3,1,2
HK90638,HongKong,7,41,4,3,1,1,1
CH10689,China,7,43,4,3,2,1,1
KR20592,Korea,7,56,4,3,1,1,1
CH90665,China,7,46,3,4,4,1,1
TH40575,Thailand,7,40,3,5,1,1,1
KR50616,Korea,7,50,4,3,1,1,1
CH40675,China,7,53,4,4,1,1,1
KR00617,Korea,7,55,4,4,1,1,1
KR30626,Korea,7,50,4,3,1,1,1
KR50588,Korea,7,58,3,5,1,1,1
TH10576,Thailand,7,47,3,4,3,1,1
KR20622,Korea,7,37,4,3,1,1,1
KR50612,Korea,7,43,3,4,2,4,1
HK20637,HongKong,7,50,4,4,1,1,1
TW90647,Taiwan,7,54,3,3,2,3,1
KR80594,Korea,7,42,3,5,1,1,1
TW50661,Taiwan,7,59,3,2,2,4,1
HK80632,HongKong,7,47,4,3,1,2,1
TW20655,Taiwan,7,54,3,3,2,3,1
TH90573,Thailand,7,36,3,3,4,1,1
TW20656,Taiwan,7,51,3,5,1,1,1
TW90663,Taiwan,7,53,1,1,3,5,1
TW60652,Taiwan,7,53,4,4,1,1,1
KR20599,Korea,7,51,4,4,1,1,1
KR60610,Korea,7,47,4,3,1,1,1
TW40651,Taiwan,7,47,1,2,4,4,1
KR70597,Korea,7,41,4,4,2,1,1
HK50634,HongKong,7,51,3,3,4,1,2
SP20568,Singapore,7,39,4,3,1,1,1
HK70631,HongKong,7,41,3,5,1,1,1
KR50619,Korea,7,55,3,5,1,1,1
CH90679,China,7,49,3,5,1,1,1
TH40574,Thailand,7,44,3,3,3,1,1
TW60662,Taiwan,7,48,3,3,2,3,2
CH50686,China,7,55,4,3,1,1,1
ML20582,Malaysia,7,57,3,3,3,1,1
CH40677,China,7,51,1,2,2,5,1
TW20646,Taiwan,7,49,4,3,2,3,1
KR60624,Korea,7,48,3,5,1,1,1
KR60595,Korea,7,58,5,3,1,1,1
KR90591,Korea,7,41,4,3,1,1,1
TH60577,Thailand,7,50,4,3,4,1,1
ML20583,Malaysia,7,47,3,3,3,1,1
CH30687,China,7,47,4,3,2,1,1
KR40615,Korea,7,52,4,3,1,1,1
TW20645,Taiwan,7,39,4,4,1,1,1
TH10580,Thailand,7,46,4,3,1,1,1
CH20690,China,7,43,4,4,1,1,1
CH00672,China,7,47,4,4,1,1,1
CH10694,China,7,48,4,3,2,1,1
CH40673,China,7,51,2,4,2,3,1
CH60666,China,7,48,3,3,3,1,1
KR60603,Korea,7,53,4,3,1,1,1
HK80627,HongKong,7,43,3,3,2,3,1
HK00628,HongKong,7,53,3,5,2,1,1
HK00639,HongKong,7,47,4,3,1,2,1
KR30589,Korea,7,46,3,5,1,1,1
KR70586,Korea,7,44,4,4,1,1,1
CH10681,China,7,54,3,3,2,4,1
KR80593,Korea,7,51,4,4,1,1,1
CH70671,China,7,45,4,3,2,1,1
ML90584,Malaysia,7,55,4,3,1,1,1
TH30572,Thailand,7,56,3,5,1,1,1
SP80569,Singapore,7,53,3,3,3,1,1
KR00608,Korea,7,53,4,3,1,1,1
CH90691,China,7,54,4,3,1,1,1
CH60674,China,7,44,4,3,1,1,1
HK10633,HongKong,7,41,4,4,1,1,1
CH30695,China,7,36,3,5,1,1,1
KR60604,Korea,7,40,4,3,1,1,1
KR90602,Korea,7,52,4,4,1,1,1
KR30614,Korea,7,51,4,4,1,1,1
TW40644,Taiwan,7,58,3,3,2,3,1
KR90621,Korea,7,51,3,5,1,1,1
CH30680,China,7,49,1,2,3,5,1
TW10658,Taiwan,7,55,4,4,1,1,1
KR50601,Korea,7,59,3,5,2,1,1
CH10683,China,7,58,3,2,2,3,1
KR10623,Korea,7,54,3,3,4,1,1
KR50607,Korea,7,60,5,3,1,1,2
CH40693,China,7,50,1,1,4,5,1
TW00649,Taiwan,7,56,5,3,2,1,1
TW30660,Taiwan,7,51,3,3,2,4,1
KR80605,Korea,7,28,5,3,1,2,1
CH40685,China,7,43,4,3,1,1,2
CH70667,China,7,40,3,3,2,3,1
SP60570,Singapore,7,55,3,2,4,1,1
KR00613,Korea,7,49,3,5,2,1,1
KR00600,Korea,7,38,4,4,1,1,1
TW90657,Taiwan,7,43,3,5,1,1,1
KR70606,Korea,7,45,4,3,1,1,1
TW40643,Taiwan,7,49,3,5,1,1,1
AM50566,America,7,55,2,3,4,1,1
TW60659,Taiwan,7,57,4,3,1,1,1
AM10696,America,8,51,3,3,4,1,1
TW40801,Taiwan,8,49,2,1,4,5,1
TW40783,Taiwan,8,44,3,5,1,1,1
TW10782,Taiwan,8,54,3,3,4,1,1
CH10821,China,8,51,3,3,4,1,1
TW80794,Taiwan,8,46,4,3,1,1,1
SP10707,Singapore,8,48,4,3,1,1,1
HK40769,HongKong,8,46,3,5,1,1,1
CH20822,China,8,56,1,1,2,5,1
CH10811,China,8,56,3,4,2,4,1
KR90754,Korea,8,47,4,3,1,1,1
CH00814,China,8,52,3,5,1,1,1
KR00742,Korea,8,47,4,3,1,1,1
TW20787,Taiwan,8,49,3,5,1,1,1
TW40793,Taiwan,8,45,4,3,1,1,1
KR00739,Korea,8,45,4,3,1,1,1
CH20805,China,8,50,4,4,1,1,1
ML30724,Malaysia,8,48,4,3,1,1,1
TW10790,Taiwan,8,52,2,4,2,4,1
SP20708,Singapore,8,56,4,4,1,1,1
HK20763,HongKong,8,44,1,1,2,5,1
TW50784,Taiwan,8,46,2,2,3,5,1
KR70761,Korea,8,44,3,5,1,1,1
KR40740,Korea,8,47,4,3,1,1,1
TW70797,Taiwan,8,43,1,2,3,5,1
CH10813,China,8,51,4,3,1,1,1
TW10785,Taiwan,8,36,1,2,4,5,1
KR20727,Korea,8,46,4,4,1,1,1
CH70810,China,8,26,4,3,1,1,1
SP80703,Singapore,8,60,4,3,1,1,1
TH80716,Thailand,8,44,4,3,1,1,1
TH80720,Thailand,8,47,3,4,3,1,1
HK90768,HongKong,8,49,4,4,1,1,1
TH30713,Thailand,8,51,4,3,1,1,1
TW90776,Taiwan,8,50,4,3,1,1,2
CH80806,China,8,49,1,1,2,5,1
CH10815,China,8,50,5,3,2,1,1
HK00766,HongKong,8,42,3,3,4,2,1
TH10709,Thailand,8,51,3,3,3,1,1
TW40798,Taiwan,8,54,3,4,2,4,2
AM90698,America,8,47,3,3,4,1,1
KR90751,Korea,8,33,4,3,1,1,1
CH90816,China,8,50,1,1,3,5,1
KR90734,Korea,8,50,4,4,1,1,1
TW20777,Taiwan,8,43,2,3,2,4,1
KR70738,Korea,8,33,4,3,1,1,2
KR10758,Korea,8,56,4,3,1,1,1
TW40786,Taiwan,8,44,4,4,1,1,1
ML10723,Malaysia,8,47,3,2,4,1,1
KR30743,Korea,8,47,4,3,1,1,1
KR40749,Korea,8,29,4,3,1,1,1
KR70733,Korea,8,54,4,4,1,1,1
TH30718,Thailand,8,52,4,3,1,1,1
TW80799,Taiwan,8,45,3,3,2,3,1
KR30760,Korea,8,51,4,3,1,1,1
CH50803,China,8,41,3,3,4,1,1
TH50710,Thailand,8,54,4,3,1,1,1
KR00759,Korea,8,56,3,5,1,1,1
TW90800,Taiwan,8,57,3,3,3,4,1
HK40773,HongKong,8,47,3,3,2,4,1
CH40812,China,8,52,1,1,3,5,1
CH80804,China,8,53,4,3,1,1,1
SP90706,Singapore,8,55,3,3,3,4,1
KR00730,Korea,8,42,4,4,2,1,1
TH00721,Thailand,8,57,4,4,1,1,1
KR00729,Korea,8,38,4,4,1,1,1
TH10714,Thailand,8,58,4,4,1,1,1
KR40746,Korea,8,48,2,3,3,1,1
SP20705,Singapore,8,46,2,3,2,3,2
HK00772,HongKong,8,55,3,3,4,1,1
HK50767,HongKong,8,52,4,4,1,1,1
TH70722,Thailand,8,48,5,3,1,2,1
TH70715,Thailand,8,53,4,3,1,1,1
HK60774,HongKong,8,47,4,3,2,3,1
SP50704,Singapore,8,47,4,3,1,1,1
HK50770,HongKong,8,47,4,4,1,1,1
TH40712,Thailand,8,59,4,3,3,1,1
KR20762,Korea,8,50,4,4,1,1,1
KR10744,Korea,8,51,3,5,1,1,1
ML40725,Malaysia,8,46,3,3,3,1,1
KR50748,Korea,8,60,3,4,4,1,1
KR70731,Korea,8,51,4,4,1,1,1
TW30775,Taiwan,8,47,3,5,1,1,1
TH40717,Thailand,8,50,3,3,4,1,1
CH30823,China,8,47,3,3,3,1,1
KR00752,Korea,8,43,4,3,1,1,1
TW80802,Taiwan,8,35,4,2,2,4,1
CH30809,China,8,44,4,3,2,1,1
KR20745,Korea,8,35,4,3,1,1,1
TW00796,Taiwan,8,35,4,3,1,1,1
CH20817,China,8,55,1,1,3,5,1
CH80818,China,8,38,3,5,1,1,1
KR50735,Korea,8,45,4,4,1,1,1
SP70701,Singapore,8,39,4,3,1,1,1
AM50700,America,8,48,3,5,1,1,1
KR10728,Korea,8,53,3,5,1,1,1
KR60757,Korea,8,49,4,3,1,1,1
KR00747,Korea,8,51,4,4,1,1,1
AM00699,America,8,39,3,3,4,1,1
TH00711,Thailand,8,33,4,3,1,1,1
AM70697,America,8,52,3,5,1,2,1
KR80732,Korea,8,47,4,4,1,1,1
CH70820,China,8,47,4,3,1,1,1
TW60779,Taiwan,8,43,4,4,1,1,1
KR80741,Korea,8,44,4,4,1,1,1
TW10789,Taiwan,8,51,3,3,4,2,1
TW20792,Taiwan,8,52,3,3,2,3,1
KR80755,Korea,8,51,4,4,1,1,1
TW00795,Taiwan,8,50,2,2,2,4,1
HK20771,HongKong,8,25,4,3,1,1,1
CH30819,China,8,53,3,2,2,4,1
CH70807,China,8,38,3,3,2,4,1
TW60781,Taiwan,8,49,4,3,2,4,1
ML00726,Malaysia,8,49,5,3,1,1,2
KR60736,Korea,8,46,4,4,1,1,1
HK50765,HongKong,8,53,4,3,1,1,1
TW10780,Taiwan,8,57,1,1,2,5,1
KR10753,Korea,8,38,4,3,1,1,1
KR10750,Korea,8,51,3,2,4,1,1
TW30788,Taiwan,8,43,1,1,2,5,1
CH80808,China,8,52,2,2,3,5,1
TW40791,Taiwan,8,51,3,3,2,4,1
KR40737,Korea,8,53,4,4,1,1,2
KR60756,Korea,8,58,3,5,1,1,1
HK60764,HongKong,8,50,1,1,3,5,1
SP60702,Singapore,8,58,3,3,3,1,1
TW70778,Taiwan,8,53,4,3,2,4,1
TH30719,Thailand,8,41,3,3,2,3,1
TH80841,Thailand,9,56,3,2,4,1,1
TW70910,Taiwan,9,57,4,3,1,1,1
KR30856,Korea,9,44,4,4,1,1,1
KR30855,Korea,9,48,4,3,3,1,1
TW70901,Taiwan,9,38,4,3,1,1,1
KR00865,Korea,9,45,3,5,1,1,1
CH70936,China,9,41,4,3,2,4,1
KR90884,Korea,9,50,1,2,3,5,1
TH60839,Thailand,9,43,3,3,4,2,2
CH60955,China,9,50,3,5,1,1,1
TH20842,Thailand,9,49,1,1,3,5,1
KR10868,Korea,9,45,3,3,2,4,1
KR00883,Korea,9,39,4,4,1,1,1
TW90915,Taiwan,9,53,4,3,1,1,1
CH90934,China,9,44,3,5,1,1,1
CH40943,China,9,49,4,3,2,4,1
TW80916,Taiwan,9,51,1,1,3,4,1
CH30933,China,9,41,4,3,1,1,1
TW60909,Taiwan,9,55,3,3,2,4,1
HK00890,HongKong,9,50,1,1,3,5,1
TW20921,Taiwan,9,50,4,4,1,1,1
AM80824,America,9,51,4,4,1,1,1
SP30830,Singapore,9,41,3,3,4,1,1
CH60929,China,9,48,3,5,1,1,1
CH40930,China,9,52,4,3,1,1,1
CH70946,China,9,54,4,3,1,1,1
HK50893,HongKong,9,56,3,5,1,1,1
TH60840,Thailand,9,58,4,3,1,1,1
CH60923,China,9,56,3,3,2,4,1
TW30905,Taiwan,9,50,4,3,1,1,1
CH30953,China,9,52,4,2,2,4,1
KR20852,Korea,9,44,4,3,1,1,1
CH60924,China,9,53,2,2,3,1,1
KR70869,Korea,9,36,3,5,1,1,1
TW60902,Taiwan,9,46,3,3,2,4,1
ML80845,Malaysia,9,59,3,3,3,1,1
AM70827,America,9,49,4,4,1,1,1
CH30938,China,9,39,3,3,2,3,1
ML60851,Malaysia,9,45,3,5,1,1,1
SP10832,Singapore,9,42,3,2,2,4,1
HK30895,HongKong,9,55,4,3,1,1,1
HK40888,HongKong,9,50,3,3,4,1,1
TW60908,Taiwan,9,46,4,3,2,4,1
AM10825,America,9,43,3,3,4,1,1
HK80889,HongKong,9,49,4,4,2,1,1
KR30862,Korea,9,40,3,5,1,2,1
KR70881,Korea,9,43,3,5,1,1,1
KR00882,Korea,9,33,3,3,3,1,1
CH40954,China,9,51,2,3,2,4,1
TW30904,Taiwan,9,44,3,3,2,4,1
KR60871,Korea,9,49,3,3,2,4,1
KR00874,Korea,9,48,4,4,2,1,1
CH80928,China,9,51,3,5,1,1,1
SP10831,Singapore,9,49,3,2,4,1,1
TH60837,Thailand,9,43,4,4,2,4,1
KR80879,Korea,9,51,4,3,1,1,1
KR40886,Korea,9,45,3,5,1,1,1
KR90857,Korea,9,58,3,3,4,1,1
TW90911,Taiwan,9,50,4,3,2,3,1
TW50907,Taiwan,9,55,3,5,1,1,1
KR20858,Korea,9,50,4,3,1,1,1
TW30913,Taiwan,9,48,4,3,1,1,1
TH80835,Thailand,9,56,3,2,4,1,1
KR90887,Korea,9,42,3,4,4,1,1
KR10866,Korea,9,45,3,3,2,4,1
CH10950,China,9,28,4,4,1,1,1
ML10850,Malaysia,9,48,3,3,2,3,1
TW00919,Taiwan,9,55,3,2,2,4,1
TH20834,Thailand,9,50,5,3,1,1,1
TW40922,Taiwan,9,45,1,1,3,5,1
KR20878,Korea,9,52,4,3,1,1,1
SP30829,Singapore,9,54,2,2,2,3,1
KR10859,Korea,9,39,3,3,4,1,1
HK40896,HongKong,9,45,4,3,1,1,1
CH90948,China,9,51,2,1,4,5,1
CH90956,China,9,55,3,4,4,1,1
KR50885,Korea,9,41,3,3,4,1,1
CH00941,China,9,47,3,3,2,4,1
KR40854,Korea,9,46,4,3,1,1,1
AM30826,America,9,52,2,3,3,2,1
KR50861,Korea,9,48,4,4,1,1,1
CH60940,China,9,51,3,3,2,4,1
HK00894,HongKong,9,56,3,3,4,1,1
KR20863,Korea,9,50,2,3,2,4,1
HK50897,HongKong,9,47,3,3,4,2,1
TW70900,Taiwan,9,51,1,1,4,5,1
CH30939,China,9,56,4,3,1,1,1
KR80873,Korea,9,54,4,3,1,1,1
TH60838,Thailand,9,54,5,3,1,1,1
CH50945,China,9,41,3,3,2,4,1
CH40951,China,9,49,2,3,2,4,2
HK10899,HongKong,9,49,2,3,2,3,1
TW50917,Taiwan,9,57,3,4,2,4,1
TW80920,Taiwan,9,56,1,1,4,5,1
CH00935,China,9,46,3,3,2,4,2
CH50926,China,9,57,1,1,3,5,1
SP80833,Singapore,9,42,3,3,2,4,1
CH60925,China,9,50,3,3,2,3,1
KR40867,Korea,9,48,4,3,1,1,1
ML70847,Malaysia,9,41,4,3,1,1,1
KR50876,Korea,9,49,3,3,2,4,1
CH90942,China,9,57,3,3,2,4,1
TW90903,Taiwan,9,42,3,5,1,1,1
ML70846,Malaysia,9,50,4,4,1,1,1
HK20892,HongKong,9,60,4,4,1,1,1
KR50860,Korea,9,38,4,4,1,1,1
TH70836,Thailand,9,31,4,3,2,4,1
TH50844,Thailand,9,44,3,4,4,1,1
TW00912,Taiwan,9,57,1,1,3,5,1
CH70949,China,9,53,2,3,2,4,1
CH80944,China,9,52,3,5,1,1,1
TW00906,Taiwan,9,50,4,4,1,1,1
CH40932,China,9,40,4,4,1,1,1
CH40927,China,9,46,4,4,1,1,1
SP50828,Singapore,9,51,3,2,3,1,1
KR30877,Korea,9,39,2,2,2,4,1
KR20880,Korea,9,49,4,4,1,1,1
KR30864,Korea,9,37,4,4,1,1,1
TW00914,Taiwan,9,51,3,5,1,1,1
KR70870,Korea,9,32,4,4,2,3,1
HK00898,HongKong,9,51,4,4,1,1,1
ML70849,Malaysia,9,57,5,3,1,1,1
CH60931,China,9,55,4,3,1,1,1
HK10891,HongKong,9,60,4,3,4,1,1
KR20872,Korea,9,50,4,3,1,1,1
CH90947,China,9,49,4,3,1,1,1
TH20843,Thailand,9,49,3,3,3,2,1
CH50952,China,9,42,4,3,1,1,1
ML00848,Malaysia,9,44,4,3,2,4,1
TW10918,Taiwan,9,43,4,3,1,1,1
KR60853,Korea,9,47,3,5,1,1,1
CH00937,China,9,46,3,3,2,4,1
KR60875,Korea,9,34,4,3,1,1,1
CH11049,China,10,55,3,3,2,3,1
KR60988,Korea,10,52,4,3,1,1,1
KR50998,Korea,10,52,4,3,1,1,1
HK61011,HongKong,10,43,4,2,4,1,1
TH00970,Thailand,10,54,4,3,1,1,1
CH21059,China,10,48,3,3,2,4,1
KR40989,Korea,10,51,5,3,1,1,1
TH60967,Thailand,10,60,4,2,3,1,1
SP50962,Singapore,10,38,3,3,2,4,1
SP80963,Singapore,10,53,4,3,2,1,1
CH01036,China,10,46,3,5,1,1,1
CH11041,China,10,51,3,5,1,1,1
CH21062,China,10,56,3,5,2,1,1
TW21020,Taiwan,10,36,4,4,2,3,1
KR00984,Korea,10,57,3,2,2,4,1
HK41013,HongKong,10,57,4,4,1,1,1
TH80969,Thailand,10,39,4,3,2,1,1
CH11064,China,10,58,4,3,2,4,1
KR31001,Korea,10,48,4,4,1,1,1
CH71048,China,10,51,1,1,3,5,1
TH80972,Thailand,10,59,3,3,2,4,1
HK51008,HongKong,10,48,3,5,1,1,1
AM60957,America,10,48,2,4,4,1,1
SP00964,Singapore,10,54,3,3,4,1,1
TH10966,Thailand,10,44,4,4,1,1,1
CH41051,China,10,40,3,3,4,1,1
AM20959,America,10,46,4,3,1,1,1
CH61050,China,10,43,4,3,1,1,1
KR50991,Korea,10,60,4,3,1,1,1
KR20999,Korea,10,46,4,4,1,1,1
TW41025,Taiwan,10,43,4,3,1,1,1
CH41058,China,10,44,3,3,3,4,1
TW81027,Taiwan,10,50,3,3,2,4,1
TW31029,Taiwan,10,51,1,1,4,5,1
CH71063,China,10,44,4,4,1,1,1
CH21056,China,10,42,2,3,2,4,1
TW21032,Taiwan,10,48,4,3,1,1,1
CH91061,China,10,43,3,4,2,4,1
TW61021,Taiwan,10,52,4,3,2,1,1
HK91006,HongKong,10,41,3,2,2,4,1
KR10996,Korea,10,29,3,5,1,1,1
CH51053,China,10,54,4,3,2,4,1
KR80987,Korea,10,49,4,4,1,1,1
KR40997,Korea,10,59,3,3,2,4,1
TW71034,Taiwan,10,57,4,4,1,1,1
TH20971,Thailand,10,52,2,3,2,4,1
HK11005,HongKong,10,53,3,3,2,4,1
TW91024,Taiwan,10,52,3,5,1,1,1
CH61060,China,10,54,3,5,2,1,1
ML00974,Malaysia,10,38,3,2,4,1,1
CH01035,China,10,53,4,3,2,1,1
KR31002,Korea,10,42,4,4,1,1,1
CH01037,China,10,50,3,3,3,4,1
KR40983,Korea,10,37,4,3,1,1,1
KR70993,Korea,10,54,4,3,1,1,1
CH41038,China,10,47,4,3,1,1,1
KR80982,Korea,10,54,3,5,1,1,1
KR90979,Korea,10,47,4,4,1,1,1
KR20986,Korea,10,47,3,2,2,3,1
CH51055,China,10,47,4,3,2,4,2
KR10990,Korea,10,59,4,4,1,1,2
HK01010,HongKong,10,34,4,4,1,1,1
CH81039,China,10,38,2,3,3,1,1
KR50994,Korea,10,53,3,5,1,1,1
CH01040,China,10,57,3,3,4,1,1
ML20975,Malaysia,10,31,4,4,1,1,1
TW61019,Taiwan,10,47,1,1,2,5,1
CH31054,China,10,48,4,3,1,1,1
TW71018,Taiwan,10,53,4,3,1,1,1
TW41033,Taiwan,10,56,4,3,2,3,2
TW51017,Taiwan,10,56,3,2,2,4,1
TW01023,Taiwan,10,46,3,3,4,1,1
AM50958,America,10,49,3,5,1,1,1
KR80985,Korea,10,53,3,5,1,1,1
TW01022,Taiwan,10,44,3,3,2,4,1
TH10965,Thailand,10,46,2,3,4,1,1
AM20961,America,10,43,4,4,1,1,1
CH11045,China,10,45,4,3,2,4,1
KR20981,Korea,10,57,4,4,1,1,1
KR80995,Korea,10,51,4,3,1,1,1
AM50960,America,10,60,3,4,2,3,1
HK51009,HongKong,10,42,3,3,4,1,1
CH31046,China,10,42,3,5,1,1,1
KR51003,Korea,10,45,3,3,4,1,1
KR60992,Korea,10,53,5,3,1,1,1
CH01042,China,10,52,4,3,1,1,1
TW71016,Taiwan,10,57,4,3,1,1,1
CH41052,China,10,58,4,3,1,1,1
TW81014,Taiwan,10,40,3,5,1,1,1
KR00978,Korea,10,49,4,4,1,1,1
TW31015,Taiwan,10,46,4,3,1,1,1
TW81026,Taiwan,10,36,3,3,2,3,1
TH20968,Thailand,10,50,4,3,4,1,1
CH61043,China,10,56,3,3,2,4,1
HK81007,HongKong,10,34,3,3,4,1,1
KR00977,Korea,10,48,3,3,4,1,1
TW71028,Taiwan,10,37,3,3,2,4,1
KR50976,Korea,10,45,4,4,1,1,2
ML30973,Malaysia,10,50,4,4,1,1,1
CH31057,China,10,43,3,4,2,3,1
KR01000,Korea,10,43,4,4,1,1,1
HK51012,HongKong,10,54,4,3,1,1,1
HK61004,HongKong,10,22,3,3,4,1,1
TW41030,Taiwan,10,54,4,4,2,1,1
CH31047,China,10,43,4,3,1,1,1
KR90980,Korea,10,48,4,3,1,1,1
CH41044,China,10,50,4,3,1,1,2
TW41031,Taiwan,10,56,1,1,4,5,1
CH91124,China,11,34,3,3,2,4,1
CH51133,China,11,36,3,4,2,3,1
HK41104,HongKong,11,37,3,5,1,1,1
CH61139,China,11,58,4,2,3,3,1
CH51131,China,11,55,4,4,1,1,1
CH01127,China,11,49,4,4,1,1,1
AM31068,America,11,55,4,4,1,1,1
KR01092,Korea,11,47,4,4,1,1,1
TH01077,Thailand,11,55,4,4,1,1,1
TH91081,Thailand,11,48,4,4,1,1,1
HK71101,HongKong,11,55,3,3,2,4,1
SP11073,Singapore,11,49,2,3,4,1,1
CH31137,China,11,49,2,1,2,5,1
TW81113,Taiwan,11,41,3,5,1,1,1
KR51088,Korea,11,43,3,4,4,1,1
TH91079,Thailand,11,57,3,3,3,3,1
TW31112,Taiwan,11,47,4,3,1,1,1
CH81128,China,11,43,2,3,3,1,1
AM51069,America,11,53,2,3,3,1,1
TH01075,Thailand,11,30,4,3,1,1,1
TH21078,Thailand,11,45,3,3,2,3,1
AM21066,America,11,57,4,3,2,1,1
CH91126,China,11,53,2,2,3,1,1
CH21122,China,11,50,3,3,2,4,1
AM91067,America,11,52,3,3,2,4,1
TH61082,Thailand,11,37,2,3,2,3,1
CH51138,China,11,38,4,3,1,1,1
CH91132,China,11,50,4,4,1,1,2
TH91083,Thailand,11,49,3,5,1,1,1
TH41080,Thailand,11,52,4,4,1,1,1
KR51089,Korea,11,49,3,2,3,1,1
KR41090,Korea,11,51,3,3,4,1,1
ML71087,Malaysia,11,55,2,3,3,1,1
TH01084,Thailand,11,30,4,3,2,1,1
TW91117,Taiwan,11,51,3,3,3,4,1
SP91071,Singapore,11,53,2,4,4,1,1
HK61106,HongKong,11,46,4,3,1,1,1
TW41119,Taiwan,11,49,4,3,1,1,1
CH71130,China,11,49,1,1,2,5,1
SP51072,Singapore,11,48,4,3,1,1,1
TW81121,Taiwan,11,50,1,1,3,5,1
CH31134,China,11,53,3,5,1,1,1
KR51100,Korea,11,42,4,3,1,1,1
TH21076,Thailand,11,46,3,3,4,1,1
SP11070,Singapore,11,49,4,3,4,1,1
HK11107,HongKong,11,50,3,5,1,1,1
TW31120,Taiwan,11,60,3,5,1,1,1
HK51109,HongKong,11,50,4,4,1,1,1
CH71125,China,11,44,4,4,1,1,1
CH11123,China,11,42,4,3,1,1,1
ML91086,Malaysia,11,43,2,3,3,1,1
KR31094,Korea,11,51,5,3,1,1,1
HK71102,HongKong,11,33,5,3,1,1,1
KR61093,Korea,11,46,4,3,2,1,1
TW71111,Taiwan,11,45,1,1,3,4,1
TW51115,Taiwan,11,53,3,3,3,4,2
AM91065,America,11,52,4,4,1,1,1
CH31135,China,11,46,4,4,1,1,1
TW31116,Taiwan,11,50,2,3,3,4,1
KR31096,Korea,11,50,3,3,4,1,1
CH71136,China,11,46,1,1,4,5,1
CH61129,China,11,51,1,1,3,5,1
KR81091,Korea,11,45,4,3,2,1,1
TW51114,Taiwan,11,36,1,1,2,5,1
KR51095,Korea,11,40,3,3,2,4,1
ML91085,Malaysia,11,50,4,4,1,1,1
KR31097,Korea,11,48,4,4,1,1,1
HK61105,HongKong,11,52,3,2,4,1,1
HK91108,HongKong,11,48,3,2,3,1,1
KR31099,Korea,11,47,4,3,1,1,1
TW71118,Taiwan,11,46,3,3,2,4,1
HK41103,HongKong,11,45,4,3,1,1,1
HK51110,HongKong,11,52,3,4,3,1,1
KR31098,Korea,11,57,4,4,1,1,1
SP31074,Singapore,11,49,4,4,2,1,1
HK11191,HongKong,12,51,4,3,1,1,1
ML21155,Malaysia,12,50,3,2,3,1,1
ML31156,Malaysia,12,54,3,4,4,1,1
KR51161,Korea,12,46,3,5,1,1,1
CH41216,China,12,45,3,3,2,3,2
TH11151,Thailand,12,46,4,4,1,1,1
TW91206,Taiwan,12,38,1,2,3,5,1
CH11219,China,12,42,3,3,2,4,1
CH41212,China,12,56,4,4,2,1,1
HK11192,HongKong,12,50,3,2,4,1,1
KR01170,Korea,12,51,4,4,1,1,1
CH91222,China,12,51,1,1,4,5,1
KR81166,Korea,12,52,4,3,1,1,1
CH91209,China,12,53,4,3,1,1,1
CH01220,China,12,49,3,5,1,1,1
HK51195,HongKong,12,44,4,4,1,1,1
TH61148,Thailand,12,46,3,5,1,1,1
TH31146,Thailand,12,43,4,3,1,1,1
TH01153,Thailand,12,56,4,2,2,3,1
KR91160,Korea,12,55,4,3,4,1,1
AM31140,America,12,56,3,3,4,1,1
HK11188,HongKong,12,51,4,3,2,4,1
TW11197,Taiwan,12,48,3,5,1,1,1
TW11202,Taiwan,12,44,3,3,4,1,1
HK61185,HongKong,12,53,4,4,1,1,1
TH51147,Thailand,12,51,4,4,1,1,1
TW91198,Taiwan,12,53,4,3,2,3,1
HK81189,HongKong,12,49,3,3,4,1,1
KR81173,Korea,12,56,4,3,1,1,1
KR31176,Korea,12,45,3,4,2,4,2
HK91181,HongKong,12,49,3,4,2,3,1
AM91141,America,12,50,3,5,1,1,2
TW01204,Taiwan,12,58,3,3,2,4,1
HK81193,HongKong,12,59,3,3,2,4,1
KR31172,Korea,12,48,4,4,1,1,1
TW81200,Taiwan,12,47,4,4,1,1,1
TH11150,Thailand,12,58,3,2,3,1,1
KR81168,Korea,12,39,3,5,1,1,1
HK71184,HongKong,12,53,3,3,2,3,1
ML71157,Malaysia,12,54,4,3,1,1,1
TW21205,Taiwan,12,44,1,2,4,5,1
KR61163,Korea,12,41,3,5,1,1,1
CH91223,China,12,31,2,1,3,5,1
CH71221,China,12,53,4,3,1,1,1
CH91217,China,12,51,4,3,1,1,1
KR11179,Korea,12,40,3,5,1,1,1
CH41213,China,12,60,3,5,1,1,1
HK01182,HongKong,12,51,3,3,4,1,1
CH11218,China,12,55,4,3,1,1,1
KR51167,Korea,12,49,3,3,2,3,1
TW41207,Taiwan,12,53,4,4,1,1,1
CH91208,China,12,49,3,3,2,4,1
KR11162,Korea,12,45,3,5,1,1,1
SP21143,Singapore,12,28,3,3,4,1,1
KR81159,Korea,12,58,4,3,1,1,1
KR41177,Korea,12,55,4,3,1,1,1
CH21211,China,12,45,4,3,1,1,1
TH41152,Thailand,12,46,4,3,1,1,1
SP51142,Singapore,12,52,1,1,4,5,1
HK01186,HongKong,12,56,4,3,2,4,1
KR91171,Korea,12,54,4,4,1,1,1
KR91178,Korea,12,39,2,2,2,4,1
KR61175,Korea,12,40,4,4,1,1,1
KR71165,Korea,12,57,4,4,1,1,1
TH51149,Thailand,12,42,4,4,2,1,1
CH21226,China,12,51,3,3,3,1,1
HK91196,HongKong,12,37,3,5,1,1,2
KR21174,Korea,12,53,4,4,1,1,1
CH71215,China,12,46,4,3,1,1,1
TH61144,Thailand,12,42,2,3,4,1,1
KR51180,Korea,12,51,4,4,1,1,1
CH61225,China,12,44,2,4,2,3,1
TW21199,Taiwan,12,51,4,4,2,1,1
HK21190,HongKong,12,54,2,3,2,4,1
ML11154,Malaysia,12,53,4,3,1,1,1
CH41214,China,12,36,3,3,4,1,1
TH31145,Thailand,12,57,4,4,1,1,1
HK61183,HongKong,12,56,3,5,1,1,1
KR61169,Korea,12,60,4,4,1,1,1
HK91194,HongKong,12,50,2,3,2,4,1
ML01158,Malaysia,12,60,4,3,1,1,1
HK71187,HongKong,12,51,2,3,2,4,1
CH71210,China,12,49,4,4,1,1,1
TW11201,Taiwan,12,43,1,1,3,5,1
CH11224,China,12,57,4,3,2,4,1
KR51164,Korea,12,40,4,4,1,1,1
TW41203,Taiwan,12,48,4,3,1,1,1
